{"check_surface": true, "outlet": [17.12190426441661, 81.02702545701412, -189.08661745305648], "outlet_area": 484.24448075570905, "inlet0": [-44.23387421502007, 108.29225455390082, -183.03114446004233], "inlet0_area": 188.98118820962128, "inlet1": [8.09540416404409, 130.71227489818227, -164.2077492800626], "inlet1_area": 255.5418282469922, "inlet2": [-35.82524440471943, 119.61967256986178, -209.60609436035156], "inlet2_area": 163.76386651194343, "inlet3": [24.187454113593468, 134.85078459519607, -190.01313928457407], "inlet3_area": 97.34321379994961, "number_of_regions": 1, "region_0": [18.978057861328125, 92.4548568725586, -132.86441040039062], "mean_flow_rate": 190.52012612749678, "area_ratio": [0.19023939649071625, 0.34971654697180743, 0.2811742857202161, 0.17886977081726038], "inlet_ids": [2, 3, 4, 5], "outlet_id": [1]}