{"check_surface": true, "outlet": [25.105133255322773, 79.75487200419109, -190.82021278805203], "outlet_area": 574.6828306295484, "inlet0": [-27.274283226500167, 127.3012766736619, -203.50714695707282], "inlet0_area": 62.802967747423494, "inlet1": [14.228722352247972, 136.78797814784906, -182.00870279165414], "inlet1_area": 198.71418230083316, "inlet2": [-37.0035176564412, 120.98528492019837, -181.42173472944512], "inlet2_area": 197.05891512256585, "inlet3": [8.662286293122076, 125.85030488044985, -163.94580619565903], "inlet3_area": 123.88243745070285, "number_of_regions": 1, "region_0": [16.213083267211914, 99.29906463623047, -147.88328552246094], "mean_flow_rate": 141.45050186808098, "area_ratio": [0.24204351203965774, 0.3866731875100186, 0.18757176669564637, 0.1837115337546773], "inlet_ids": [2, 3, 4, 5], "outlet_id": [1]}