{"check_surface": true, "outlet": [19.383990556990366, 90.00407764018995, -193.13904256956272], "outlet_area": 1251.0164420242627, "inlet0": [22.816012750757803, 137.59501980318882, -190.08462403552366], "inlet0_area": 301.1623805013177, "inlet1": [-49.908166052589955, 128.02255001874036, -198.5449577653912], "inlet1_area": 155.6450887883049, "inlet2": [-46.05224540016868, 112.75216605446555, -165.64939441102925], "inlet2_area": 125.95919946639427, "inlet3": [22.716088417248848, 124.49120399279472, -161.8624995304988], "inlet3_area": 178.06145802071276, "number_of_regions": 1, "region_0": [20.3617000579834, 96.8313980102539, -147.75], "mean_flow_rate": 205.423594229717, "area_ratio": [0.30807758982943395, 0.20270690139780873, 0.30932849924562994, 0.1798870095271273], "inlet_ids": [2, 3, 4, 5], "outlet_id": [1]}