{"check_surface": true, "outlet": [29.894264580546945, 81.01237648120825, -189.37245310907778], "outlet_area": 651.4896076592477, "inlet0": [15.303693719812342, 129.5142059326172, -154.90610236090583], "inlet0_area": 196.6452051108321, "inlet1": [27.335403706477237, 129.8686508178711, -181.00374873234676], "inlet1_area": 149.99292156593822, "inlet2": [-36.378306593213765, 116.91759436471122, -213.9730704171317], "inlet2_area": 101.53433584775102, "inlet3": [-46.37432112783756, 111.13330625138192, -180.853194902528], "inlet3_area": 106.58577423936472, "number_of_regions": 1, "region_0": [28.591394424438477, 94.45255279541016, -145.274658203125], "mean_flow_rate": 149.78472392624926, "area_ratio": [0.31464773728432577, 0.10464054692194576, 0.32486737105183594, 0.2558443447418925], "inlet_ids": [2, 3, 4, 5], "outlet_id": [1]}