{"check_surface": true, "outlet": [10.468445191526005, 103.9132568489792, -189.25769564636752], "outlet_area": 488.56513040830123, "inlet0": [20.603608421657395, 130.19900180982506, -163.95272031037703], "inlet0_area": 142.50481159186174, "inlet1": [24.198846054077148, 136.4116653442383, -191.71135375976561], "inlet1_area": 79.93283392713361, "inlet2": [-43.62308736947867, 130.7138236119197, -208.36795043945312], "inlet2_area": 99.27433803846921, "inlet3": [-47.33655274803959, 111.4183003439832, -173.22839423791686], "inlet3_area": 187.2414723983545, "number_of_regions": 1, "region_0": [22.670522689819336, 101.19881439208984, -149.62794494628906], "mean_flow_rate": 137.41743310807115, "area_ratio": [0.1818058877746029, 0.36677849208716556, 0.31554136220235207, 0.1358742579358795], "inlet_ids": [2, 3, 4, 5], "outlet_id": [1]}