{"check_surface": true, "outlet": [27.21842699465544, 83.4678062217823, -185.67312633127406], "outlet_area": 641.72779202487, "inlet0": [28.317273104632342, 123.01668708707079, -165.1200284604673], "inlet0_area": 294.9457732075937, "inlet1": [-39.1560920715332, 114.00113000869752, -173.45765533447266], "inlet1_area": 225.19094237826673, "inlet2": [32.097874484845065, 135.79402616130773, -189.12753819707615], "inlet2_area": 202.90693983122, "inlet3": [-33.193903249852795, 116.42800824782428, -213.26001559986787], "inlet3_area": 195.0891975733246, "number_of_regions": 1, "region_0": [29.34328269958496, 100.08502197265625, -145.22633361816406], "mean_flow_rate": 247.8958703074094, "area_ratio": [0.27848233986028115, 0.14928268719584128, 0.26718854012055643, 0.30504643282332117], "inlet_ids": [2, 3, 4, 5], "outlet_id": [1]}