{"check_surface": true, "outlet": [34.86768510264735, 80.80095906411448, -190.51369242514335], "outlet_area": 729.4553119479671, "inlet0": [-27.885079826627457, 133.48295702253068, -208.31775774274553], "inlet0_area": 150.23652160626264, "inlet1": [-46.66825342986543, 109.30668847035554, -171.11915459067134], "inlet1_area": 163.8638511691187, "inlet2": [16.209704036444005, 125.92221305739712, -156.72698480310575], "inlet2_area": 187.90629638298645, "inlet3": [30.10040176831759, 130.93197030287521, -177.86069371150091], "inlet3_area": 80.72154085369283, "number_of_regions": 1, "region_0": [35.286190032958984, 96.7215805053711, -140.68421936035156], "mean_flow_rate": 157.33661670325637, "area_ratio": [0.31758756539859867, 0.33015453861482014, 0.23811126336840968, 0.11414663261817146], "inlet_ids": [2, 3, 4, 5], "outlet_id": [1]}