{"check_surface": true, "outlet": [27.93118059312975, 93.37869599488404, -191.90825302536422], "outlet_area": 703.720823414983, "inlet0": [33.20244061744819, 141.14828646385064, -174.0121796171544], "inlet0_area": 214.89774751264466, "inlet1": [-46.39122484441389, 120.76448581093236, -166.46512965152138], "inlet1_area": 212.02141861946717, "inlet2": [-32.574567031860354, 142.23977106267756, -217.2524511163885], "inlet2_area": 152.04989202877968, "inlet3": [29.021112773729406, 126.82960593182108, -149.61031971807066], "inlet3_area": 162.03919643180953, "number_of_regions": 1, "region_0": [45.293006896972656, 81.46736907958984, -144.96644592285156], "mean_flow_rate": 200.0722287400293, "area_ratio": [0.24451764654669286, 0.23183469630183742, 0.29317042017960804, 0.23047723697186168], "inlet_ids": [2, 3, 4, 5], "outlet_id": [1]}