{"check_surface": true, "outlet": [27.252936106242107, 78.9785105996503, -187.5716520754877], "outlet_area": 678.7221213970811, "inlet0": [25.167482792646034, 131.87166928696905, -159.45207863292475], "inlet0_area": 228.3658116518373, "inlet1": [-41.50410495587249, 120.1467273769094, -177.99243414579934], "inlet1_area": 172.4908100896342, "inlet2": [32.45530974648216, 129.69749381325462, -180.12427451393822], "inlet2_area": 107.0801253865941, "inlet3": [-27.41685082878865, 120.42186307235502, -211.46039076254402], "inlet3_area": 189.05832281451694, "number_of_regions": 1, "region_0": [16.8341064453125, 110.31912231445312, -140.54306030273438], "mean_flow_rate": 188.1886688844973, "area_ratio": [0.290682057777548, 0.29079927192768745, 0.08579223830073278, 0.3327264319940318], "inlet_ids": [2, 3, 4, 5], "outlet_id": [1]}