{"check_surface": true, "outlet": [27.483137340868932, 85.61790020182981, -187.23486353987354], "outlet_area": 497.7733382527154, "inlet0": [29.265102819962934, 127.08343043471828, -181.70007185502485], "inlet0_area": 186.39502657148967, "inlet1": [18.371869043870404, 119.76889176802202, -157.5597485628995], "inlet1_area": 129.86621574295282, "inlet2": [-24.489647536981302, 127.3116970374936, -207.29838236824412], "inlet2_area": 120.90092157887918, "inlet3": [-40.943621176260486, 107.45006815592448, -180.5904673823604], "inlet3_area": 103.87800321745168, "number_of_regions": 1, "region_0": [23.267419815063477, 106.65979766845703, -144.9716796875], "mean_flow_rate": 146.08084511990882, "area_ratio": [0.24902606211657508, 0.29384005830337934, 0.2682852558161408, 0.18884862376390474], "inlet_ids": [2, 3, 4, 5], "outlet_id": [1]}