{"check_surface": true, "outlet": [19.92334846630218, 86.11369843695574, -192.52009806055932], "outlet_area": 778.2531826386831, "inlet0": [-43.02413591845282, 134.32099506772798, -205.2475964776401], "inlet0_area": 141.10981243150903, "inlet1": [38.73864385526474, 121.32767549279617, -195.5862579345703], "inlet1_area": 189.15094770592225, "inlet2": [39.102839254563854, 119.89387918287709, -158.0368640038275], "inlet2_area": 122.65778977748886, "inlet3": [-45.53276933034261, 128.98609161376953, -169.48429896036785], "inlet3_area": 122.34373161004407, "number_of_regions": 1, "region_0": [32.64101791381836, 84.03234100341797, -138.56341552734375], "mean_flow_rate": 155.32081601174036, "area_ratio": [0.36190523017757453, 0.15934664549039046, 0.2621510112320775, 0.21659711309995752], "inlet_ids": [2, 3, 4, 5], "outlet_id": [1]}