{"check_surface": true, "outlet": [24.635016715455198, 78.8646078052635, -187.8082645439102], "outlet_area": 591.8313904859477, "inlet0": [24.92674761805041, 130.22421720658227, -161.954027723992], "inlet0_area": 217.37941419784556, "inlet1": [-40.759694739953794, 120.22632029519153, -179.9970548259678], "inlet1_area": 131.19180684207285, "inlet2": [30.620080705122515, 128.45793831565163, -181.1415302623402], "inlet2_area": 126.81509513859228, "inlet3": [-27.015197109168685, 119.85985103123625, -212.16201352401518], "inlet3_area": 175.2157376162359, "number_of_regions": 1, "region_0": [16.501205444335938, 112.53174591064453, -147.80270385742188], "mean_flow_rate": 175.6625545245816, "area_ratio": [0.27158611416773826, 0.28208425369857976, 0.1401859527182594, 0.3061436794154226], "inlet_ids": [2, 3, 4, 5], "outlet_id": [1]}