{"check_surface": true, "outlet": [7.0878904675464, 90.30578207200573, -182.27880305628622], "outlet_area": 392.3091849893363, "inlet0": [-47.16558970133463, 119.77745249430339, -187.90770955403647], "inlet0_area": 161.61112192746194, "inlet1": [20.643565097097625, 134.97990701966367, -183.43804466118246], "inlet1_area": 114.26115081444046, "inlet2": [6.431414989324717, 136.09122173602765, -204.93250755896935], "inlet2_area": 130.0436910139182, "inlet3": [-46.80678924560547, 120.28727294921875, -208.7173684692383], "inlet3_area": 85.48200652514163, "number_of_regions": 1, "region_0": [19.540849685668945, 90.93575286865234, -149.42840576171875], "mean_flow_rate": 119.36148171414612, "area_ratio": [0.18523721548314473, 0.26547205396864465, 0.31408848504351233, 0.23520224550469826], "inlet_ids": [2, 3, 4, 5], "outlet_id": [1]}