{"check_surface": true, "outlet": [26.302581569422845, -159.01921230813733, -1103.9563598632812], "outlet_area": 834.2064879020462, "inlet0": [32.01788191361861, -135.76180787519976, -1082.1049998890269], "inlet0_area": 179.64328146894243, "inlet1": [-34.64644918868791, -160.63558276731575, -1065.681638803055], "inlet1_area": 77.27005430032477, "inlet2": [-31.41345533831366, -143.73830992600014, -1100.560862574084], "inlet2_area": 94.21628408772884, "number_of_regions": 1, "region_0": [50.57059860229492, -160.47000122070312, -1078.7099609375], "mean_flow_rate": 94.80499736138893, "area_ratio": [94.80499736138893, 0.6657736290660297, 0.3342263709339703], "inlet_ids": [3, 1, 2], "outlet_id": [4]}