{"check_surface": true, "outlet": [11.022468779438226, 103.53344868504723, -196.57111411870912], "outlet_area": 614.0074921830618, "inlet0": [-52.977295888264976, 116.80016255696614, -176.56139424641927], "inlet0_area": 236.5759883030145, "inlet1": [27.475690301859153, 128.03825032935953, -161.2806025091207], "inlet1_area": 111.52033312254517, "inlet2": [31.315356539006817, 136.56810345566063, -183.09268295555785], "inlet2_area": 123.0431728013961, "inlet3": [-36.450580042058775, 133.03289337158202, -196.14380715110084], "inlet3_area": 131.5967959050354, "number_of_regions": 1, "region_0": [18.85902976989746, 105.0489501953125, -145.20899963378906], "mean_flow_rate": 162.73879833563763, "area_ratio": [0.21136186473763116, 0.2987928779245008, 0.3845211276430935, 0.10532412969477453], "inlet_ids": [2, 3, 4, 5], "outlet_id": [1]}