{"check_surface": true, "outlet": [24.156910692850747, 83.8626503499349, -199.1915902709961], "outlet_area": 921.3677719745823, "inlet0": [33.20860008826622, 126.616675391564, -167.3505403958834], "inlet0_area": 148.926635209886, "inlet1": [18.189778243794162, 118.08887728522805, -149.76714818617876], "inlet1_area": 189.54961994721535, "inlet2": [-30.151553411741514, 147.22189599114495, -194.33691550589896], "inlet2_area": 269.11028650747255, "inlet3": [-43.53433025030442, 119.25680353612076, -170.58083202220774], "inlet3_area": 267.8813123763145, "number_of_regions": 1, "region_0": [17.272533416748047, 99.91116333007812, -143.624755859375], "mean_flow_rate": 213.62001333055917, "area_ratio": [0.170967203553616, 0.2192684506665364, 0.37266028026878206, 0.23710406551106555], "inlet_ids": [2, 3, 4, 5], "outlet_id": [1]}