{"check_surface": true, "outlet": [36.98044661637191, -175.22271460229223, -686.7655307644017], "outlet_area": 832.2298818104122, "inlet0": [-18.850281476974487, -164.29046763544497, -638.9679684846298], "inlet0_area": 228.7778861067891, "inlet1": [-18.391243837317642, -145.6405104033801, -668.073044134646], "inlet1_area": 204.36203105141254, "inlet2": [38.94256126589892, -138.73539045380383, -654.8780874857089], "inlet2_area": 148.0373616994442, "inlet3": [35.64417447435095, -154.52486224884683, -629.5194273603723], "inlet3_area": 199.95463776651746, "number_of_regions": 1, "region_0": [62.634300231933594, -176.3820037841797, -648.6420288085938], "mean_flow_rate": 209.14031868170244, "area_ratio": [0.3441017314516376, 0.22264903154531476, 0.2729262331697905, 0.16032300383325712], "inlet_ids": [1, 2, 3, 4], "outlet_id": [5]}