{"check_surface": true, "outlet": [41.614441532416635, 71.01501784868688, -183.3845350022284], "outlet_area": 550.1975903270232, "inlet0": [63.15687435620452, 126.08766696877676, -185.7717935222469], "inlet0_area": 128.31345054061657, "inlet1": [-33.229977949610294, 118.9784766143223, -231.47724079635907], "inlet1_area": 65.50312491268966, "inlet2": [-56.51810073852539, 100.35044325643511, -167.80212857829991], "inlet2_area": 113.11230189785337, "inlet3": [44.59470926920573, 121.6170415242513, -151.9331413269043], "inlet3_area": 85.20687218034612, "number_of_regions": 1, "region_0": [23.507938385009766, 96.57215118408203, -149.2819366455078], "mean_flow_rate": 105.87665237350656, "area_ratio": [0.09144633469121331, 0.5693571590722953, 0.19429675920232284, 0.14489974703416858], "inlet_ids": [2, 3, 4, 5], "outlet_id": [1]}