{"check_surface": true, "outlet": [20.75772074823794, 97.69740501072096, -199.38007348102073], "outlet_area": 718.4143361698723, "inlet0": [30.262040294300427, 136.7356084650213, -191.039497236772], "inlet0_area": 141.39385563735138, "inlet1": [-52.05011925768496, 115.37433555944642, -174.1345709046321], "inlet1_area": 152.4067018895558, "inlet2": [27.49033712962317, 132.82364254906065, -168.7285388764881], "inlet2_area": 124.06657035035028, "inlet3": [-47.08583580363881, 131.10234850103205, -193.70310280539772], "inlet3_area": 71.42678654414003, "number_of_regions": 1, "region_0": [18.865619659423828, 91.61787414550781, -142.4440155029297], "mean_flow_rate": 132.10935689377732, "area_ratio": [0.19707270647422775, 0.17754715273512645, 0.3437064746033143, 0.2816736661873315], "inlet_ids": [2, 3, 4, 5], "outlet_id": [1]}