{"check_surface": true, "outlet": [38.02678221464157, 110.65929369131725, -173.89683556556702], "outlet_area": 767.3188710840882, "inlet0": [-8.333748336994287, 94.95166951959783, -168.91074926202947], "inlet0_area": 112.13250080410522, "inlet1": [-31.71938445832994, 133.9739752875434, -166.67820400661893], "inlet1_area": 153.28228688836447, "inlet2": [-41.88606760660807, 126.79964914957682, -215.77564534505208], "inlet2_area": 158.47354777200465, "inlet3": [-6.151010736088518, 74.00395353075484, -196.77398165850573], "inlet3_area": 129.97778276229158, "number_of_regions": 1, "region_0": [2.352623224258423, 81.51586151123047, -218.1787109375], "mean_flow_rate": 149.5438519212268, "area_ratio": [0.330525645607298, 0.17818449794361094, 0.22119873801035925, 0.2700911184387318], "inlet_ids": [2, 3, 4, 5], "outlet_id": [1]}