{"check_surface": true, "outlet": [25.448638588032395, 79.52345776431775, -201.9301568894159], "outlet_area": 915.1307118050429, "inlet0": [-27.684184780827277, 133.3185464364511, -205.65406290690103], "inlet0_area": 87.29852313306243, "inlet1": [38.11007623672485, 125.42141399383544, -175.88291206359864], "inlet1_area": 57.274367602374475, "inlet2": [-41.97565672132704, 115.16854053073459, -164.832921911169], "inlet2_area": 93.0068975261573, "inlet3": [20.40695420797769, 112.85756287017426, -143.33600765079646], "inlet3_area": 176.75198006559427, "number_of_regions": 1, "region_0": [39.01340103149414, 93.81216430664062, -162.46910095214844], "mean_flow_rate": 111.86957744834089, "area_ratio": [0.24443763593493004, 0.15370854554969293, 0.4004655826908738, 0.2013882358245033], "inlet_ids": [2, 3, 4, 5], "outlet_id": [1]}