{"check_surface": true, "outlet": [21.680218344468337, 86.98204850416917, -189.17699690598707], "outlet_area": 365.4135145194331, "inlet0": [-26.203268920674045, 121.56449475007899, -207.0110648660099], "inlet0_area": 109.71720146505815, "inlet1": [29.28521117185935, 125.31566424247546, -193.26049178685898], "inlet1_area": 202.35239096115706, "inlet2": [22.986932860480415, 125.90056218041315, -175.5929732852512], "inlet2_area": 131.117633844154, "inlet3": [-40.42287454725821, 111.24275101287455, -186.2402081067049], "inlet3_area": 136.40828085900884, "number_of_regions": 1, "region_0": [20.118051528930664, 93.69926452636719, -152.19915771484375], "mean_flow_rate": 156.49078692493208, "area_ratio": [0.318166143164169, 0.18921902543372432, 0.31200263103716, 0.1806122003649466], "inlet_ids": [2, 3, 4, 5], "outlet_id": [1]}