{"check_surface": true, "outlet": [25.964588726268094, 83.94206300623277, -191.5257874432732], "outlet_area": 736.4317134785898, "inlet0": [30.57742514261385, 117.47858615037872, -158.97892016899294], "inlet0_area": 155.96191149345145, "inlet1": [-39.115611611980285, 113.1076132369368, -211.85416025658176], "inlet1_area": 119.280025363541, "inlet2": [35.09698799328926, 122.96441738422101, -183.52814424954929], "inlet2_area": 179.88832497705334, "inlet3": [-42.69420499686735, 114.62758195256612, -181.07810183605517], "inlet3_area": 156.26790126133633, "number_of_regions": 1, "region_0": [23.399168014526367, 96.78546142578125, -146.3468017578125], "mean_flow_rate": 165.07750403575318, "area_ratio": [0.2572411550403299, 0.23231513579504134, 0.24154531882631233, 0.2688983903383163], "inlet_ids": [2, 3, 4, 5], "outlet_id": [1]}