{"check_surface": true, "outlet": [38.710398104551025, 61.09067005733792, -167.4355398493705], "outlet_area": 675.9430412746381, "inlet0": [-63.9344401125048, 126.36588637555232, -184.7170497706679], "inlet0_area": 130.37937865046695, "inlet1": [-29.7210501620644, 125.89126968383789, -226.45299329255758], "inlet1_area": 44.23380083252771, "inlet2": [46.39061344691685, 128.9791101728167, -163.76258566720145], "inlet2_area": 147.3359729931924, "inlet3": [22.426636505126954, 126.92786087036133, -147.3314373779297], "inlet3_area": 75.8809272069093, "number_of_regions": 1, "region_0": [22.374372482299805, 94.32683563232422, -142.04173278808594], "mean_flow_rate": 107.41412151443602, "area_ratio": [0.4028479504037489, 0.11806494704412196, 0.18332536124024326, 0.29576174131188576], "inlet_ids": [2, 3, 4, 5], "outlet_id": [1]}