{"check_surface": true, "outlet": [25.795733556260156, 92.44317582401916, -185.75550107190207], "outlet_area": 343.4354785823465, "inlet0": [20.1469570795695, 124.18888166215685, -167.4220634036594], "inlet0_area": 79.58468696197205, "inlet1": [-33.72838958104452, 119.33633028666178, -216.0211316426595], "inlet1_area": 76.56598444382223, "inlet2": [27.065547943115234, 126.52392116345857, -188.01491586785568], "inlet2_area": 135.66578845631005, "inlet3": [-42.95070584615072, 107.04804530288234, -179.4950566147313], "inlet3_area": 110.57480135569412, "number_of_regions": 1, "region_0": [38.223995208740234, 99.20272827148438, -147.19351196289062], "mean_flow_rate": 100.16175357219767, "area_ratio": [0.254087035842727, 0.22923974460070573, 0.2792338705843436, 0.23743934897222357], "inlet_ids": [2, 3, 4, 5], "outlet_id": [1]}