{"check_surface": true, "outlet": [40.907406613230705, -165.91014420986176, -731.2067422866821], "outlet_area": 1347.2361651479164, "inlet0": [44.39846369425456, -126.12409502665201, -685.3207590738932], "inlet0_area": 258.17520824483216, "inlet1": [42.185086741591945, -108.02304978804155, -712.5116096265389], "inlet1_area": 304.7866185517647, "inlet2": [-36.77515026561001, -136.49231840434828, -723.9639485677084], "inlet2_area": 241.07351238415487, "inlet3": [-36.32495203885165, -156.69287608753552, -694.5127041903409], "inlet3_area": 228.3923696366032, "number_of_regions": 1, "region_0": [53.907649993896484, -169.9980926513672, -675.9367065429688]}