{"check_surface": true, "outlet": [47.96444757634943, 61.60859350724654, -193.57752643931997], "outlet_area": 441.9582085808238, "inlet0": [33.538943077201274, 123.3314757845295, -140.41789587220148], "inlet0_area": 171.76559883708148, "inlet1": [-53.569827220479, 136.4242118460233, -207.90314120933658], "inlet1_area": 121.21554480976472, "inlet2": [48.202371306338556, 129.37485193802138, -186.58714837543036], "inlet2_area": 126.33845848341156, "inlet3": [-75.41558359781901, 124.0337685139974, -175.06161641438803], "inlet3_area": 232.13742577065574, "number_of_regions": 1, "region_0": [13.371018409729004, 100.22224426269531, -141.99423217773438], "mean_flow_rate": 175.89339753324666, "area_ratio": [0.26956899529418304, 0.22111777111062342, 0.16393392834609974, 0.3453793052490937], "inlet_ids": [2, 3, 4, 5], "outlet_id": [1]}