{"check_surface": true, "outlet": [12.631152366687145, 93.03874677187437, -198.8565106082272], "outlet_area": 618.5273364373652, "inlet0": [-32.67088860980535, 134.4802584890592, -207.8914872508938], "inlet0_area": 81.60814428105611, "inlet1": [-35.0462720843329, 125.66380752342334, -171.5835606671762], "inlet1_area": 104.61122219831209, "inlet2": [16.703486879666645, 126.4592440923055, -180.4952646891276], "inlet2_area": 118.81739266757931, "inlet3": [15.952424753629245, 124.4366682786208, -159.95888202373797], "inlet3_area": 101.19044714355725, "number_of_regions": 1, "region_0": [6.710683345794678, 103.9149398803711, -157.56939697265625], "mean_flow_rate": 109.6813456984363, "area_ratio": [0.23360300749234583, 0.17595642666325712, 0.4175159224555268, 0.17292464338887023], "inlet_ids": [2, 3, 4, 5], "outlet_id": [1]}