{
  "check_surface": true,
  "outlet": [
    33.08958533714558,
    80.90882873535156,
    -191.7070690023488
  ],
  "outlet_area": 638.8352396925598,
  "inlet0": [
    -50.603711009025574,
    104.14968860149384,
    -179.51997780799866
  ],
  "inlet0_area": 158.2415905223393,
  "inlet1": [
    -36.05509973608929,
    115.14937442281972,
    -211.33001078730044
  ],
  "inlet1_area": 86.58109201126038,
  "inlet2": [
    26.91846449831699,
    135.31524788065158,
    -195.51919945250165
  ],
  "inlet2_area": 83.04606844715354,
  "inlet3": [
    20.223802642822264,
    135.28363250732423,
    -173.43243927001953
  ],
  "inlet3_area": 121.16391851580974,
  "number_of_regions": 1,
  "region_0": [
    23.95167350769043,
    94.66801452636719,
    -136.79444885253906
  ],
  "mean_flow_rate": 121.23882076407202,
  "area_ratio": [
    0.14372598824306243,
    0.22466663878070173,
    0.33883147858597,
    0.29277589439026586
  ],
  "inlet_ids": [
    2,
    3,
    4,
    5
  ],
  "outlet_id": [
    1
  ]
}