{"check_surface": true, "outlet": [22.76421545434186, 86.27819199449434, -198.65278661532665], "outlet_area": 440.0022337644873, "inlet0": [30.849135981665718, 116.04178354475233, -182.6858342488607], "inlet0_area": 213.85452984497383, "inlet1": [29.038921525206746, 110.68101134481309, -159.8233880151676], "inlet1_area": 235.50488015212974, "inlet2": [-37.62176777766301, 122.55615488688152, -196.4559568747496], "inlet2_area": 180.93320777485602, "inlet3": [-39.96021802497633, 116.08412898670544, -175.57498654452237], "inlet3_area": 101.52123493065902, "number_of_regions": 1, "region_0": [40.65370178222656, 83.66960144042969, -162.6212921142578], "mean_flow_rate": 191.70685112915754, "area_ratio": [0.6291110929128713, 0.16011556735152202, 0.16011556735152202, 0.2107733397356068], "inlet_ids": [2, 3, 4, 5], "outlet_id": [1]}