{"check_surface": true, "outlet": [43.811254998911984, 67.87020412389784, -196.2292922752491], "outlet_area": 565.5469784595479, "inlet0": [54.96527373485076, 109.17797558124249, -138.1670675033178], "inlet0_area": 215.66956910787064, "inlet1": [58.33201795305524, 124.48599046979632, -190.07876913888114], "inlet1_area": 177.4528910199972, "inlet2": [-58.752328278588465, 111.06557352034773, -157.23875577332544], "inlet2_area": 140.43367809244174, "inlet3": [-67.75077551764412, 127.12807660489469, -201.24692514780406], "inlet3_area": 223.52450993935176, "number_of_regions": 1, "region_0": [33.65797805786133, 89.40428161621094, -155.9457244873047], "mean_flow_rate": 204.41177500310857, "area_ratio": [0.28353602094295904, 0.12791472313270685, 0.17985521803542334, 0.4086940378889107], "inlet_ids": [2, 3, 4, 5], "outlet_id": [1]}