{"check_surface": true, "outlet": [15.868039459422015, 92.38445818251458, -191.0594953454059], "outlet_area": 706.1771765112633, "inlet0": [-49.150083005428314, 117.09143817424774, -171.37747955322266], "inlet0_area": 143.07283204011182, "inlet1": [26.498068703545464, 129.4791940356058, -182.24947345067585], "inlet1_area": 110.01628123709666, "inlet2": [-40.42368723551432, 136.83032904730902, -202.17444763183593], "inlet2_area": 74.89984246741446, "inlet3": [20.1679931640625, 121.42860968453543, -154.1031295776367], "inlet3_area": 112.78662125599485, "number_of_regions": 1, "region_0": [31.836896896362305, 93.78326416015625, -150.2247772216797], "mean_flow_rate": 119.00940579016681, "area_ratio": [0.19018162742138275, 0.20925390011048348, 0.30101626523650205, 0.2995482072316317], "inlet_ids": [2, 3, 4, 5], "outlet_id": [1]}