{"check_surface": true, "outlet": [34.2830546222516, 80.49520259117013, -197.92206095225777], "outlet_area": 864.3261880585993, "inlet0": [-41.30289630714906, 113.31451556004515, -173.6828495690582], "inlet0_area": 396.06239718134424, "inlet1": [-34.281583169790416, 123.87797264685997, -208.73826176570012], "inlet1_area": 147.76604959008128, "inlet2": [28.516345180682283, 133.44288430285098, -173.34011818046], "inlet2_area": 162.50925366628778, "inlet3": [15.534487771399228, 135.28378955228828, -152.08158535427518], "inlet3_area": 249.29579332385904, "number_of_regions": 1, "region_0": [41.79867935180664, 96.7840347290039, -144.5447998046875], "mean_flow_rate": 241.55174294184135, "area_ratio": [0.49114910395202604, 0.19034929171401585, 0.07844998256113138, 0.24005162177282682], "inlet_ids": [2, 3, 4, 5], "outlet_id": [1]}