{"check_surface": true, "outlet": [29.565295848440616, 83.03994203121104, -184.88947369189972], "outlet_area": 620.8611136900452, "inlet0": [24.79737598999687, 125.78895021521527, -174.01175673111626], "inlet0_area": 167.77716604868687, "inlet1": [9.185769498348236, 128.2199453353882, -157.50588436126708], "inlet1_area": 135.1020200763227, "inlet2": [-41.30913123378047, 117.45029315242061, -184.5729867440683], "inlet2_area": 255.969881500901, "inlet3": [-21.618580744816708, 118.00032372107873, -214.18096501277043], "inlet3_area": 73.6996747062402, "number_of_regions": 1, "region_0": [27.548006057739258, 92.24579620361328, -136.78457641601562], "mean_flow_rate": 170.78816042968074, "area_ratio": [0.10116427728315605, 0.15602320196186906, 0.234709187207054, 0.5081033335479208], "inlet_ids": [2, 3, 4, 5], "outlet_id": [1]}