{"check_surface": true, "outlet": [10.829939136161439, 90.22289140762821, -180.6629278121456], "outlet_area": 535.8822435529457, "inlet0": [-47.17526941935221, 120.97043924967448, -186.04801452636718], "inlet0_area": 203.81483278535276, "inlet1": [21.117790480791513, 135.37884831832628, -179.95630994893736], "inlet1_area": 143.87667207481852, "inlet2": [6.214404204258552, 135.54667311448318, -204.3583935077374], "inlet2_area": 138.40710000848406, "inlet3": [-46.64809478759766, 120.77489288330078, -208.61625030517578], "inlet3_area": 103.96076527998694, "number_of_regions": 1, "region_0": [29.960309982299805, 89.04273986816406, -148.4268341064453], "mean_flow_rate": 159.31602994013343, "area_ratio": [0.3560913287729999, 0.26326076685651767, 0.19204371723436603, 0.18860418713611632], "inlet_ids": [2, 3, 4, 5], "outlet_id": [1]}