{"check_surface": true, "outlet": [37.994626593800774, 77.82300770177251, -190.56193880064296], "outlet_area": 753.6597741452157, "inlet0": [-47.69661975914324, 105.35608995464486, -180.85395855970785], "inlet0_area": 239.39930002268693, "inlet1": [41.75427098707719, 136.63711201060903, -191.08110219782048], "inlet1_area": 99.72477059509045, "inlet2": [-41.18975624205574, 127.50233943878658, -215.2615208701482], "inlet2_area": 199.06714566302523, "inlet3": [37.22985331217448, 129.6907122742896, -167.04537963867188], "inlet3_area": 128.5907798547399, "number_of_regions": 1, "region_0": [36.0092658996582, 91.73921966552734, -136.5195770263672]}