{"check_surface": true, "outlet": [52.95159657796224, 66.4484082599019, -185.16031214987584], "outlet_area": 593.7481206421916, "inlet0": [-66.34679272531093, 101.48910539999775, -169.56359266960757], "inlet0_area": 288.6349705187132, "inlet1": [-54.043797409325315, 117.53008283648575, -223.05260962770697], "inlet1_area": 117.61529881309357, "inlet2": [27.47890316754922, 120.82596140894397, -138.430555146316], "inlet2_area": 294.51327660688344, "inlet3": [57.75816682456196, 132.41782732977384, -185.37400596729222], "inlet3_area": 183.63714868979127, "number_of_regions": 1, "region_0": [32.78520584106445, 89.89183807373047, -141.50265502929688], "mean_flow_rate": 238.78818754969, "area_ratio": [0.24656797639536418, 0.24598324993473158, 0.24647797219041848, 0.26097080147948576], "inlet_ids": [2, 3, 4, 5], "outlet_id": [1]}