{"check_surface": true, "outlet": [11.473945626962012, 93.28189048214236, -192.54323102425838], "outlet_area": 413.30805911565125, "inlet0": [-48.09638875722885, 115.41251718997955, -173.9225995540619], "inlet0_area": 112.9964025572808, "inlet1": [23.697518363831534, 128.57353622194321, -183.50872245667472], "inlet1_area": 130.00234094483676, "inlet2": [-39.18539225260417, 136.62733120388455, -203.156741672092], "inlet2_area": 64.47186695492869, "inlet3": [19.634834153311594, 116.59652426583426, -162.43733891078404], "inlet3_area": 89.54454223692649, "number_of_regions": 1, "region_0": [23.78082847595215, 92.89178466796875, -148.44969177246094], "mean_flow_rate": 107.19409122737265, "area_ratio": [0.24673025584219715, 0.27274060550488993, 0.255575751559513, 0.22495338709339968], "inlet_ids": [2, 3, 4, 5], "outlet_id": [1]}