{"check_surface": true, "outlet": [32.947570339325935, 82.5788991989628, -190.7550212490943], "outlet_area": 639.6108811430304, "inlet0": [-27.560624361038208, 133.25350216456823, -208.7597599029541], "inlet0_area": 135.3437159817526, "inlet1": [-46.1061956761247, 109.64413012488414, -172.5986964338917], "inlet1_area": 146.14799835657854, "inlet2": [16.655731039987483, 123.8580132068043, -159.89965197066186], "inlet2_area": 173.1545931581025, "inlet3": [28.880052163050724, 129.40748772254358, -178.66362028855545], "inlet3_area": 92.09698496479963, "number_of_regions": 1, "region_0": [28.001676559448242, 100.94679260253906, -141.16986083984375], "mean_flow_rate": 147.620688964533, "area_ratio": [0.2932920974963774, 0.14418870412055357, 0.25350144697778615, 0.30901775140528304], "inlet_ids": [2, 3, 4, 5], "outlet_id": [1]}