{"check_surface": true, "outlet": [22.974312439770767, 87.42871641776931, -187.75815689731652], "outlet_area": 478.28597199410166, "inlet0": [-16.919241402600264, 114.11285544730522, -208.73380320780987], "inlet0_area": 144.70293214050983, "inlet1": [10.336244537405772, 125.82071340900578, -169.83266145889073], "inlet1_area": 130.97723634301073, "inlet2": [20.727658045919316, 123.82435587832802, -180.42351592214484], "inlet2_area": 107.37075813957233, "inlet3": [-35.02619258466974, 114.30074301110693, -194.2657976265413], "inlet3_area": 173.9286583107569, "number_of_regions": 1, "region_0": [31.996414184570312, 93.31324005126953, -150.91195678710938], "mean_flow_rate": 150.38448793213945, "area_ratio": [0.08578045083155979, 0.2923854414341144, 0.425898667660715, 0.19593544007361083], "inlet_ids": [2, 3, 4, 5], "outlet_id": [1]}