{"check_surface": true, "outlet": [32.155660182237625, 83.12992829084396, -190.25356459617615], "outlet_area": 700.9779120421738, "inlet0": [-37.6932375127619, 117.1909590287642, -213.56826033158737], "inlet0_area": 141.7994148575124, "inlet1": [35.17624041060327, 129.77697248861824, -185.12160524180237], "inlet1_area": 194.08186092529476, "inlet2": [-41.6494474739864, 106.15311116185681, -181.7281141609981], "inlet2_area": 343.6674725316876, "inlet3": [16.86527872646556, 129.1576894423541, -162.3873603372013], "inlet3_area": 321.5715830937115, "number_of_regions": 1, "region_0": [29.868812561035156, 89.88612365722656, -138.34854125976562], "mean_flow_rate": 270.30248948021574, "area_ratio": [0.3537791851943096, 0.12625232206848883, 0.26507189286239036, 0.2548965998748112], "inlet_ids": [2, 3, 4, 5], "outlet_id": [1]}