{"check_surface": true, "outlet": [41.62151229293258, 69.25964954517505, -195.89343894675926], "outlet_area": 580.2484302573012, "inlet0": [35.18146397155008, 120.90154746726706, -148.93186366705248], "inlet0_area": 217.08738617426872, "inlet1": [-54.57339362094277, 114.92912222209729, -168.60852070858604], "inlet1_area": 208.49854486267355, "inlet2": [44.97973354279049, 117.83411855546255, -174.26115199497767], "inlet2_area": 124.08555882960341, "inlet3": [-36.33958115869639, 129.52607104243066, -212.14700753348214], "inlet3_area": 78.7078534958353, "number_of_regions": 1, "region_0": [26.269079208374023, 94.401123046875, -147.51734924316406], "mean_flow_rate": 169.66242270784286, "area_ratio": [0.41797062990011474, 0.2904512607043471, 0.17683002798201639, 0.11474808141352164], "inlet_ids": [2, 3, 4, 5], "outlet_id": [1]}