{"check_surface": true, "outlet": [19.2642868672502, 90.70741185192813, -193.6617224092167], "outlet_area": 1490.847091223042, "inlet0": [22.77639394703478, 137.58713085816638, -190.54175288134283], "inlet0_area": 301.02781394530257, "inlet1": [-50.090421757227936, 128.18706813328703, -198.86565066055513], "inlet1_area": 158.96634653706232, "inlet2": [-46.39856009049849, 113.17684589732777, -165.73822876901338], "inlet2_area": 132.43816851940235, "inlet3": [23.243880345271183, 124.3638803530962, -162.4382089468149], "inlet3_area": 189.32883712205444, "number_of_regions": 1, "region_0": [21.04361343383789, 96.88604736328125, -148.47735595703125], "mean_flow_rate": 211.07551485343186, "area_ratio": [0.21697048574985892, 0.29634344864748596, 0.17795373957731137, 0.3087323260253438], "inlet_ids": [2, 3, 4, 5], "outlet_id": [1]}