{"check_surface": true, "outlet": [26.983724095271185, 88.14207587608924, -189.4552266047551], "outlet_area": 621.5363166552085, "inlet0": [-26.93092943640316, 122.32873052709243, -206.33341800465303], "inlet0_area": 124.42776596281317, "inlet1": [32.04969019767566, 126.14141014294746, -192.77196893936548], "inlet1_area": 186.2780777433551, "inlet2": [22.400396916601395, 128.48664241366916, -169.24853515625], "inlet2_area": 152.77062365293966, "inlet3": [-41.11256751531287, 110.56091327908673, -182.10336844528777], "inlet3_area": 174.85734666595, "number_of_regions": 1, "region_0": [19.315807342529297, 93.55786895751953, -146.2289581298828], "mean_flow_rate": 172.35012978676565, "area_ratio": [0.39501120215332175, 0.2719365198895514, 0.19361812729063657, 0.13943415066649043], "inlet_ids": [2, 3, 4, 5], "outlet_id": [1]}