{"check_surface": true, "outlet": [26.84675802009693, 80.50958948550017, -190.00404634337494], "outlet_area": 509.86127099260557, "inlet0": [16.120550116977178, 127.08032195632522, -159.55499700597815], "inlet0_area": 186.19253995682487, "inlet1": [25.565457065288836, 128.73469942533052, -182.52857360839843], "inlet1_area": 150.32049779051357, "inlet2": [-36.0132326057979, 116.69027737208775, -214.81231880187988], "inlet2_area": 91.0349607042807, "inlet3": [-46.2277724787874, 111.69764810238244, -183.1842893204599], "inlet3_area": 81.72443368309241, "number_of_regions": 1, "region_0": [28.220308303833008, 93.60140991210938, -148.63511657714844], "mean_flow_rate": 137.5035566763721, "area_ratio": [0.2105532068201112, 0.12314677348352468, 0.34019988566199594, 0.3261001340343682], "inlet_ids": [2, 3, 4, 5], "outlet_id": [1]}