{"check_surface": true, "outlet": [19.343914381954647, 91.80030157806677, -191.97428516072964], "outlet_area": 413.7944748000534, "inlet0": [23.57419022780198, 138.36568368765023, -179.0358414870042], "inlet0_area": 153.2067729696316, "inlet1": [16.571655706925824, 123.95184141216856, -154.95738197095466], "inlet1_area": 156.54073730584506, "inlet2": [-38.90715090433756, 134.16054204305013, -202.12956848144532], "inlet2_area": 125.04014216849819, "inlet3": [-44.18405651224071, 120.17688567062905, -181.60127135528916], "inlet3_area": 247.49428872341844, "number_of_regions": 1, "region_0": [32.07815170288086, 87.84862518310547, -142.6261444091797], "mean_flow_rate": 184.21612411519618, "area_ratio": [0.2664927026435298, 0.3481137635575969, 0.19255622740084394, 0.19283730639802943], "inlet_ids": [2, 3, 4, 5], "outlet_id": [1]}