{"check_surface": true, "outlet": [28.21155937024335, 83.20413186696655, -195.77486253450704], "outlet_area": 807.4527391838529, "inlet0": [-38.36480541229248, 113.28952217102051, -179.11122665405273], "inlet0_area": 255.73603872670523, "inlet1": [16.11480696483325, 128.36739587271086, -158.1204320435883], "inlet1_area": 203.46389199139725, "inlet2": [27.90824977387773, 128.81445271918113, -179.3629913330078], "inlet2_area": 189.2737258561169, "inlet3": [-34.85674275980367, 121.01728285752334, -203.8622236375685], "inlet3_area": 169.91245815835916, "number_of_regions": 1, "region_0": [17.630252838134766, 97.88423156738281, -133.04940795898438], "mean_flow_rate": 220.96425097779624, "area_ratio": [0.16782821957710586, 0.21211882117564212, 0.2266513694398025, 0.3934015898074496], "inlet_ids": [2, 3, 4, 5], "outlet_id": [1]}