{"check_surface": true, "outlet": [27.362091682326625, 83.35941932570766, -186.50098891997], "outlet_area": 696.0927966245952, "inlet0": [-16.258562951474577, 109.13830968495962, -207.73077949317727], "inlet0_area": 180.9879267641058, "inlet1": [13.72433181658183, 123.67219846542568, -168.80570440423], "inlet1_area": 143.94017504962622, "inlet2": [26.13374541935168, 123.54276305750797, -179.83654363531815], "inlet2_area": 136.84041070506737, "inlet3": [-34.605641008859656, 109.07555012530591, -193.63024479509835], "inlet3_area": 219.76396631086163, "number_of_regions": 1, "region_0": [31.120100021362305, 87.99691772460938, -146.51739501953125]}