{"check_surface": true, "outlet": [31.42310642373973, 80.51775892849626, -192.5001746868265], "outlet_area": 567.8832182194134, "inlet0": [-50.39689749479294, 104.0555100440979, -180.3531618118286], "inlet0_area": 135.96979745033929, "inlet1": [-35.71321976703146, 114.89991312441619, -212.0280874501104], "inlet1_area": 76.74201805478009, "inlet2": [26.012294606959568, 135.17045171210106, -196.27093570790393], "inlet2_area": 78.05268755861643, "inlet3": [20.50703136444092, 134.77710052490235, -176.7783203125], "inlet3_area": 101.66754010667199, "number_of_regions": 1, "region_0": [17.12421989440918, 104.39582824707031, -142.7712860107422], "mean_flow_rate": 105.95665165601011, "area_ratio": [0.15742860804114645, 0.2769455894033, 0.21116118424498231, 0.35446461831057124], "inlet_ids": [2, 3, 4, 5], "outlet_id": [1]}