{"check_surface": true, "outlet": [27.270971813341127, 83.0770547685832, -192.3274912590528], "outlet_area": 542.5138245231005, "inlet0": [12.883873131217026, 128.78568063131192, -161.24454721590368], "inlet0_area": 182.2099212732762, "inlet1": [-25.596204042434692, 122.31499181474958, -202.11658940996443], "inlet1_area": 85.5598103804275, "inlet2": [-32.64458693987058, 117.2975978144893, -177.13006930881076], "inlet2_area": 211.05001325484358, "inlet3": [25.987835857603287, 126.12957244449191, -179.19920349121094], "inlet3_area": 138.4072438668596, "number_of_regions": 1, "region_0": [18.760488510131836, 99.13997650146484, -140.37745666503906], "mean_flow_rate": 166.65128696935986, "area_ratio": [0.33551198361590173, 0.17176911147049423, 0.3642912260403213, 0.12842767887328266], "inlet_ids": [2, 3, 4, 5], "outlet_id": [1]}