{"check_surface": true, "outlet": [26.808218304316203, 87.49691524505616, -181.88872146606445], "outlet_area": 463.21645657770335, "inlet0": [15.119123830633649, 128.86652891514666, -156.49710315769002], "inlet0_area": 122.28233137837545, "inlet1": [-38.40643219449627, 107.62259651297954, -184.57903688345382], "inlet1_area": 155.23214031752318, "inlet2": [-22.56932520462295, 124.33680789753542, -207.5710604392876], "inlet2_area": 109.12100314718174, "inlet3": [22.530825632923055, 134.40597534179688, -176.2924568608122], "inlet3_area": 99.35072727605528, "number_of_regions": 1, "region_0": [21.94683074951172, 99.57556915283203, -142.70545959472656], "mean_flow_rate": 131.21627457216664, "area_ratio": [0.3113408423060764, 0.24821736830242272, 0.18329130494525492, 0.25715048444624605], "inlet_ids": [1, 2, 3, 4], "outlet_id": [5]}