{"check_surface": true, "outlet": [19.81935429573059, 80.98514342726322, -189.0949417917352], "outlet_area": 546.4804793013266, "inlet0": [-44.577063931359184, 108.22549406687419, -180.85784488254123], "inlet0_area": 246.45257994637015, "inlet1": [7.290939347564497, 133.7433211586692, -160.13097624345258], "inlet1_area": 276.9777682390237, "inlet2": [-36.22647144611065, 119.77929171048677, -208.89229947603667], "inlet2_area": 191.22790387276248, "inlet3": [25.177893235133244, 135.37317716158353, -189.00712438730093], "inlet3_area": 89.28054042170771, "number_of_regions": 1, "region_0": [31.500614166259766, 91.68182373046875, -137.6332244873047], "mean_flow_rate": 217.06347396956332, "area_ratio": [0.21526250624085644, 0.26102722169468523, 0.13777293740155133, 0.3859373346629071], "inlet_ids": [2, 3, 4, 5], "outlet_id": [1]}