{"check_surface": true, "outlet": [22.226459883874462, 80.94053705276981, -199.70428995932303], "outlet_area": 931.8338184345903, "inlet0": [-42.78860757289789, 142.86379457131412, -208.69330694736578], "inlet0_area": 102.03438897074474, "inlet1": [-55.90732172557286, 112.47691113608224, -168.23407118661063], "inlet1_area": 230.395521892415, "inlet2": [37.11458432674408, 145.690438747406, -177.5964059829712], "inlet2_area": 75.44872380464052, "inlet3": [30.91648410797119, 123.18955963134766, -149.8901400756836], "inlet3_area": 186.60878094010562, "number_of_regions": 1, "region_0": [36.485801696777344, 85.73139953613281, -151.81900024414062], "mean_flow_rate": 160.5116022141346, "area_ratio": [0.15173833552069743, 0.3150361688020892, 0.28266030988501023, 0.2505651857922033], "inlet_ids": [2, 3, 4, 5], "outlet_id": [1]}