{"check_surface": true, "outlet": [22.086779703759845, 84.89119049849783, -191.3674063712928], "outlet_area": 871.6326036225959, "inlet0": [-43.59046383561759, 135.04910357245083, -205.1169707199623], "inlet0_area": 149.51119978793787, "inlet1": [40.742239965151434, 121.78491054169119, -194.8655982866679], "inlet1_area": 190.6490011245105, "inlet2": [39.105908116986676, 122.06356811523438, -156.5503663093813], "inlet2_area": 117.19886082725726, "inlet3": [-46.04038594563802, 129.575727335612, -168.74357426961262], "inlet3_area": 134.41665061548068, "number_of_regions": 1, "region_0": [34.54800796508789, 83.29886627197266, -150.6069793701172], "mean_flow_rate": 159.7794423359003, "area_ratio": [0.29988193133688373, 0.20841505878952213, 0.3205653923937617, 0.1711376174798324], "inlet_ids": [2, 3, 4, 5], "outlet_id": [1]}