{"check_surface": true, "outlet": [34.546078542868294, 115.36981920401256, -170.22790439923605], "outlet_area": 749.757587283156, "inlet0": [-11.659166617826981, 98.49450961026278, -164.83891435102984], "inlet0_area": 101.61007877715043, "inlet1": [-34.076850440767075, 136.12499152289496, -165.54055129157172], "inlet1_area": 185.4341285301896, "inlet2": [-42.498102518717445, 126.85514048258463, -214.49652282714842], "inlet2_area": 147.5416481220281, "inlet3": [-6.345078201361106, 78.54032006062252, -195.16900849678146], "inlet3_area": 108.37980137007489, "number_of_regions": 1, "region_0": [3.0156633853912354, 82.10682678222656, -216.9749298095703], "mean_flow_rate": 146.60072733584965, "area_ratio": [0.10829827672499436, 0.42294119826500465, 0.24594574065546612, 0.222814784354535], "inlet_ids": [2, 3, 4, 5], "outlet_id": [1]}