{"check_surface": true, "outlet": [28.76384207180568, 92.5767727352324, -187.65044784545898], "outlet_area": 701.7337284132385, "inlet0": [-40.81476979441457, 107.97288305109197, -182.5151723886465], "inlet0_area": 152.56891127394562, "inlet1": [28.353499019847195, 126.19277841904584, -161.21617418176987], "inlet1_area": 127.12740070594303, "inlet2": [38.60215983978689, 123.31888360846533, -183.7696993057042], "inlet2_area": 132.00111187131336, "inlet3": [-26.024184178497833, 113.64788495079945, -211.4418451341532], "inlet3_area": 94.92210362665566, "number_of_regions": 1, "region_0": [22.842510223388672, 98.6131591796875, -144.2530517578125], "mean_flow_rate": 136.78727241902158, "area_ratio": [0.3082990839960843, 0.3251320041483634, 0.23583895389032308, 0.13072995796522924], "inlet_ids": [2, 3, 4, 5], "outlet_id": [1]}