{"check_surface": true, "outlet": [26.268771464598245, 83.10451362652486, -196.31339830792817], "outlet_area": 661.8097441992848, "inlet0": [-37.797459030151366, 113.26476432800293, -181.74834426879883], "inlet0_area": 206.56168889893365, "inlet1": [16.870587051555674, 126.3521242859543, -161.6159919000441], "inlet1_area": 190.18782780738078, "inlet2": [26.11149396287634, 127.23978196813705, -181.0790309500187], "inlet2_area": 202.14693380443111, "inlet3": [-34.05520077494832, 120.36778397993608, -204.39103560014203], "inlet3_area": 141.9667725381426, "number_of_regions": 1, "region_0": [24.001651763916016, 97.28490447998047, -148.16233825683594], "mean_flow_rate": 200.03307022319981, "area_ratio": [0.2262998429137929, 0.24073786491055477, 0.30430240789685764, 0.2286598842787948], "inlet_ids": [2, 3, 4, 5], "outlet_id": [1]}