{"check_surface": true, "outlet": [29.959682012008408, 86.42044545836367, -186.42190306065447], "outlet_area": 680.3679228057521, "inlet0": [31.069332498492617, 128.17078989202327, -180.15958497018525], "inlet0_area": 177.7260014596957, "inlet1": [18.105176622217353, 123.26052243781812, -152.5995208277847], "inlet1_area": 163.02420595945713, "inlet2": [-24.931828389402295, 127.55219531450115, -206.79146463362898], "inlet2_area": 141.80041855187054, "inlet3": [-41.820099512736, 107.78330273098416, -178.2603214405201], "inlet3_area": 124.92150060958598, "number_of_regions": 1, "region_0": [13.961663246154785, 109.62920379638672, -148.06300354003906], "mean_flow_rate": 164.01747417676455, "area_ratio": [0.2752287470811591, 0.23968375502313283, 0.21480051190874094, 0.2702869859869672], "inlet_ids": [2, 3, 4, 5], "outlet_id": [1]}