{"check_surface": true, "outlet": [29.409777378690414, 83.9519394584324, -186.06383038949275], "outlet_area": 738.5793317945256, "inlet0": [29.01213240917818, 124.34405856662326, -162.23946145140096], "inlet0_area": 282.75328226616216, "inlet1": [-40.055764484405515, 113.82488498687744, -171.7558874130249], "inlet1_area": 272.45042717327283, "inlet2": [32.689835477231156, 136.40275118244227, -188.8751498549732], "inlet2_area": 195.61523895617287, "inlet3": [-33.81579749724444, 117.03849354912253, -212.72730300005745], "inlet3_area": 207.31097398560198, "number_of_regions": 1, "region_0": [29.6236629486084, 101.4700927734375, -141.78643798828125], "mean_flow_rate": 258.6950790429267, "area_ratio": [0.22595100786618405, 0.19656470766353693, 0.30264815312052434, 0.27483613134975465], "inlet_ids": [2, 3, 4, 5], "outlet_id": [1]}