{"check_surface": true, "outlet": [37.1155796714451, 78.07466039242952, -187.63284739618717], "outlet_area": 544.744966213733, "inlet0": [41.39274083351602, 136.8010471888951, -190.94075728435905], "inlet0_area": 99.38108391872123, "inlet1": [-40.888706438469164, 127.36945481733842, -215.47622056440875], "inlet1_area": 184.50547848143142, "inlet2": [-47.36618576049805, 105.16459391276042, -181.85596354166665], "inlet2_area": 204.5375894514119, "inlet3": [37.84129775197882, 129.71379290129008, -168.54812970077782], "inlet3_area": 127.89820154714756, "number_of_regions": 1, "region_0": [37.72093963623047, 91.95369720458984, -137.72186279296875]}