{
  "check_surface": true,
  "outlet": [
    16.297665594460128,
    94.08134663569463,
    -197.89023431555017
  ],
  "outlet_area": 1075.3757835238275,
  "inlet0": [
    -33.964538638874636,
    134.60148930953721,
    -206.6335837154065
  ],
  "inlet0_area": 91.96823370551046,
  "inlet1": [
    -36.49484153415846,
    126.29426707392153,
    -169.4847381149513
  ],
  "inlet1_area": 152.46639849070675,
  "inlet2": [
    19.077654971016777,
    126.90422100490994,
    -176.32756275600858
  ],
  "inlet2_area": 120.23678850382481,
  "inlet3": [
    15.208179268470177,
    127.16439537635216,
    -154.2291280893179
  ],
  "inlet3_area": 110.15107553660116,
  "number_of_regions": 1,
  "region_0": [
    6.442566394805908,
    103.06669616699219,
    -147.58604431152344
  ],
  "mean_flow_rate": 128.20207398389365,
  "area_ratio": [
    0.15210362563020882,
    0.20816526468608632,
    0.15210362563020882,
    0.25472962771041213
  ],
  "inlet_ids": [
    1,
    5,
    3,
    4
  ],
  "outlet_id": [
    2
  ]
}