{"check_surface": true, "outlet": [28.774452822051778, 92.57991378672801, -185.0114741638629], "outlet_area": 449.89043384055617, "inlet0": [20.06471543841892, 128.48734622531467, -160.10183334350586], "inlet0_area": 92.00308047526462, "inlet1": [-34.987598196665445, 119.93327191670735, -214.40533574422201], "inlet1_area": 83.54239485420867, "inlet2": [29.451510830929404, 128.18826324061342, -186.57634112709448], "inlet2_area": 110.87263543937445, "inlet3": [-44.565613544348516, 107.27092546405214, -176.36270095362806], "inlet3_area": 127.14464412796215, "number_of_regions": 1, "region_0": [37.98120880126953, 99.93963623046875, -143.21961975097656], "mean_flow_rate": 111.66194382213868, "area_ratio": [0.22670803623726807, 0.19341543757273855, 0.28811740944248837, 0.291759116747505], "inlet_ids": [2, 3, 4, 5], "outlet_id": [1]}