{"check_surface": true, "outlet": [22.71918652910705, 91.44314967164206, -192.30934899006414], "outlet_area": 578.9499365794659, "inlet0": [24.175729780930737, 138.79829195462742, -178.09647381122295], "inlet0_area": 154.76194998934938, "inlet1": [16.268444827108674, 126.66765490445223, -150.17576922792378], "inlet1_area": 154.09830602647804, "inlet2": [-39.54774837493896, 134.26800486246745, -202.26884867350262], "inlet2_area": 141.39485471420866, "inlet3": [-44.65031652340944, 120.22419028446592, -179.40617230294765], "inlet3_area": 339.7249156834122, "number_of_regions": 1, "region_0": [29.202571868896484, 89.32427978515625, -137.61251831054688], "mean_flow_rate": 213.29460713163104, "area_ratio": [0.18333139532301695, 0.47611680128766826, 0.14584297655162923, 0.19470882683768553], "inlet_ids": [2, 3, 4, 5], "outlet_id": [1]}