{"check_surface": true, "outlet": [3.2307709612143345, 103.64125497932108, -189.72145106649808], "outlet_area": 260.8679318173008, "inlet0": [19.94449203601782, 125.4782040361045, -171.31250044228375], "inlet0_area": 139.97368783769815, "inlet1": [23.028553657531738, 136.24770080566407, -192.52231231689453], "inlet1_area": 90.0578608330635, "inlet2": [-42.447362386263336, 130.88915839562048, -209.09500239445612], "inlet2_area": 87.6682916153548, "inlet3": [-46.17486395764707, 111.28738448868937, -175.98829286489914], "inlet3_area": 140.09605851380203, "number_of_regions": 1, "region_0": [21.416507720947266, 104.3520278930664, -162.26162719726562], "mean_flow_rate": 123.60489267597801, "area_ratio": [0.3130528059681086, 0.2227304869332873, 0.289105656010435, 0.1751110510881692], "inlet_ids": [2, 3, 4, 5], "outlet_id": [1]}