{"check_surface": true, "outlet": [25.519672985076905, 83.37609731038411, -199.10517130533853], "outlet_area": 1088.9994962775868, "inlet0": [34.059132502629204, 127.84519841120793, -165.531688279372], "inlet0_area": 135.55912182218654, "inlet1": [17.70762250002693, 120.08952600815716, -146.62535364487593], "inlet1_area": 196.40800137784336, "inlet2": [-30.445668272069984, 147.50965427707982, -194.20013613314242], "inlet2_area": 286.9382950914322, "inlet3": [-43.9658642521611, 119.80993746533807, -169.03469848632812], "inlet3_area": 313.5671463214072, "number_of_regions": 1, "region_0": [15.96829891204834, 97.3930435180664, -141.57684326171875], "mean_flow_rate": 251.76759244547475, "area_ratio": [0.11832613686604616, 0.20667100402875893, 0.20654257562925638, 0.46846028347593843], "inlet_ids": [2, 3, 4, 5], "outlet_id": [1]}