{"check_surface": true, "outlet": [20.72471629018369, 86.13411900617075, -190.21669094804403], "outlet_area": 1221.0017717749308, "inlet0": [-48.73362772088302, 112.00634504619397, -191.62511564555922], "inlet0_area": 89.50340196290468, "inlet1": [24.77429416132908, 130.85624679864623, -177.54861270680146], "inlet1_area": 74.45536264457296, "inlet2": [-27.30889992486863, 130.83348398359996, -211.41023738800533], "inlet2_area": 234.7608341885442, "inlet3": [13.037141728401185, 136.61569366455078, -158.5529598236084], "inlet3_area": 49.86838268317699, "number_of_regions": 1, "region_0": [51.433414459228516, 104.00003814697266, -138.6747283935547], "mean_flow_rate": 121.1187549993837, "area_ratio": [0.6271609492573951, 0.15875811702603557, 0.14062223630656814, 0.0734586974100011], "inlet_ids": [2, 3, 4, 5], "outlet_id": [1]}