{"check_surface": true, "outlet": [28.816782077153523, 80.41152731577556, -190.90943092770047], "outlet_area": 740.4567952665745, "inlet0": [-28.49725215993029, 127.54879955535239, -202.51416015625], "inlet0_area": 79.20922899425109, "inlet1": [14.197318621170826, 137.78953200120193, -179.74463888315054], "inlet1_area": 242.71940304434108, "inlet2": [-38.26441946374365, 120.56510456498847, -177.64931074395238], "inlet2_area": 248.40527022805605, "inlet3": [7.053100440771349, 129.1513236261183, -157.91903908021987], "inlet3_area": 164.41823310298145, "number_of_regions": 1, "region_0": [9.613314628601074, 104.98582458496094, -146.23342895507812], "mean_flow_rate": 198.38307654980005, "area_ratio": [0.41399412641320327, 0.23669644369440254, 0.1580598024850162, 0.1912496274073779], "inlet_ids": [2, 3, 4, 5], "outlet_id": [1]}