{"check_surface": true, "outlet": [23.727284717559815, 87.0234992980957, -182.20097058614095], "outlet_area": 359.8027947516123, "inlet0": [15.630085605685993, 125.53871219441042, -162.35745472019002], "inlet0_area": 108.39413716649499, "inlet1": [-38.06318322936101, 107.2782031386646, -187.83040903575386], "inlet1_area": 114.6219255446108, "inlet2": [-21.620059126514498, 124.10664613368148, -208.77491268869173], "inlet2_area": 94.59616320953336, "inlet3": [20.87826138622356, 133.23837510594782, -178.48566451162662], "inlet3_area": 98.18009588974984, "number_of_regions": 1, "region_0": [26.92083168029785, 96.9210205078125, -149.1383819580078], "mean_flow_rate": 112.26392688880505, "area_ratio": [0.27294880373484837, 0.22032595181417308, 0.258941372097706, 0.24778387235327254], "inlet_ids": [1, 2, 3, 4], "outlet_id": [5]}