{"check_surface": true, "outlet": [33.19677155040135, 64.2294196369492, -190.72635172906323], "outlet_area": 406.93427476360387, "inlet0": [-60.97732790054813, 110.17012491533833, -165.97233064713018], "inlet0_area": 130.94491958655954, "inlet1": [29.722558628429066, 121.24665849859065, -149.71444840864703], "inlet1_area": 67.56532021997262, "inlet2": [-59.44325936057351, 113.45591153231534, -210.80920826305044], "inlet2_area": 104.73925977650399, "inlet3": [52.208544391696734, 124.59935191526252, -179.34887178065412], "inlet3_area": 126.68330805870546, "number_of_regions": 1, "region_0": [38.841094970703125, 95.54509735107422, -164.78968811035156], "mean_flow_rate": 116.08185806327023, "area_ratio": [0.22727324238064162, 0.23581212307063476, 0.3085712198312192, 0.22834341471750433], "inlet_ids": [2, 3, 4, 5], "outlet_id": [1]}