{"check_surface": true, "outlet": [23.910160422325134, 94.03471834009343, -199.75782333720815], "outlet_area": 1025.4223223497345, "inlet0": [-40.411991119384766, 124.82147455215454, -205.83146266937257], "inlet0_area": 275.96517649812137, "inlet1": [32.76625826117698, 137.56470798106676, -184.34492218360472], "inlet1_area": 331.35424713547405, "inlet2": [-46.69882120060015, 116.49660714064973, -166.12673390062548], "inlet2_area": 237.087672802285, "inlet3": [27.776283965713677, 133.47178123737203, -157.65170077619882], "inlet3_area": 280.2172085008009, "number_of_regions": 1, "region_0": [33.42470169067383, 92.04000091552734, -150.1739959716797], "mean_flow_rate": 303.64856233290396, "area_ratio": [0.3096918121131141, 0.17781382449324648, 0.2028256549635368, 0.3096687084301026], "inlet_ids": [2, 3, 4, 5], "outlet_id": [1]}