{"check_surface": true, "outlet": [16.702750506608382, 98.5005302760912, -198.60225100309952], "outlet_area": 459.55222598793665, "inlet0": [29.897460625388405, 136.9737559925426, -192.05514110218394], "inlet0_area": 139.4576861255775, "inlet1": [-51.30769678372056, 114.6400578057588, -176.04113610111065], "inlet1_area": 119.04209690242241, "inlet2": [27.027893914116753, 129.53761824350508, -173.75045170859684], "inlet2_area": 142.78759513225776, "inlet3": [-46.0173208063299, 130.67664233121005, -193.777907631614], "inlet3_area": 59.111974982175404, "number_of_regions": 1, "region_0": [27.77556800842285, 89.61238098144531, -150.6009063720703], "mean_flow_rate": 124.30782534845694, "area_ratio": [0.24194502786936575, 0.2419656385955831, 0.2571044433554596, 0.2589848901795914], "inlet_ids": [2, 3, 4, 5], "outlet_id": [1]}