{"check_surface": true, "outlet": [18.305269234422326, 86.72564216282056, -189.94036146523297], "outlet_area": 940.4284919052069, "inlet0": [-48.835244730899205, 112.37526140714947, -193.5782426532946], "inlet0_area": 73.58788566686356, "inlet1": [22.97201332391477, 129.5147331088197, -179.0670519062117], "inlet1_area": 63.73106980076883, "inlet2": [-26.624033458649166, 130.6623102823893, -211.84574018205916], "inlet2_area": 206.48631631659345, "inlet3": [14.526332259178162, 134.73653450012208, -162.32709770202638], "inlet3_area": 46.67230173567791, "number_of_regions": 1, "region_0": [48.813472747802734, 104.2538070678711, -139.1372833251953], "mean_flow_rate": 105.42894485037402, "area_ratio": [0.6462254731970187, 0.13503826397167307, 0.12976600527632168, 0.08897025755498644], "inlet_ids": [2, 3, 4, 5], "outlet_id": [1]}