{"check_surface": true, "outlet": [27.63607353129715, 79.69789708859075, -202.17862390588832], "outlet_area": 1025.0012100747465, "inlet0": [-28.042778756883408, 133.38723359284577, -205.12906392415366], "inlet0_area": 95.35004813919204, "inlet1": [39.88975009918213, 125.99236812591553, -174.94166107177733], "inlet1_area": 51.25154497682163, "inlet2": [-42.84122770803946, 115.20839267306857, -163.66838469328704], "inlet2_area": 100.4487849456521, "inlet3": [21.20263624810553, 114.13340650285993, -141.11547811929282], "inlet3_area": 180.798970837, "number_of_regions": 1, "region_0": [39.57746505737305, 93.93968200683594, -160.95730590820312], "mean_flow_rate": 115.51932420263977, "area_ratio": [0.2659600393124873, 0.19270050431105037, 0.4383158887102529, 0.1030235676662095], "inlet_ids": [2, 3, 4, 5], "outlet_id": [1]}