{"check_surface": true, "outlet": [26.04977450163468, 65.02175147488991, -190.73066313370416], "outlet_area": 746.490744170915, "inlet0": [34.3493200558335, 127.32357890570341, -146.78515488354128], "inlet0_area": 169.50126964639915, "inlet1": [-36.03077373504639, 131.19103546142577, -217.31205291748046], "inlet1_area": 93.17137510755441, "inlet2": [40.25917655944824, 127.36432037353515, -191.0324237060547], "inlet2_area": 86.01391636118075, "inlet3": [-48.154419188803814, 116.86450519967586, -158.74892733959442], "inlet3_area": 76.61361961034352, "number_of_regions": 1, "region_0": [27.114259719848633, 100.7340316772461, -153.825439453125], "mean_flow_rate": 114.83104879587903, "area_ratio": [0.2978450308992773, 0.32933752319502474, 0.11476707530800033, 0.25805037059769753], "inlet_ids": [2, 3, 4, 5], "outlet_id": [1]}