{"check_surface": true, "outlet": [4.229578427970409, 105.02982596463936, -196.1530700210453], "outlet_area": 286.9251490879865, "inlet0": [-51.75185770670573, 116.11117563883464, -179.2628670247396], "inlet0_area": 175.71133412847357, "inlet1": [27.59399460846523, 123.3693457549473, -167.24759947578863], "inlet1_area": 115.39282406328353, "inlet2": [30.973957697550457, 136.18177795410156, -184.0506243789405], "inlet2_area": 129.2136276554069, "inlet3": [-35.428965135054156, 132.48595678156073, -196.9942185835405], "inlet3_area": 95.9443596813457, "number_of_regions": 1, "region_0": [22.017364501953125, 101.13903045654297, -155.47158813476562], "mean_flow_rate": 139.39077929269766, "area_ratio": [0.2908697287164834, 0.23578067682269307, 0.193811924483545, 0.2795376699772784], "inlet_ids": [2, 3, 4, 5], "outlet_id": [1]}