{"check_surface": true, "outlet": [27.79279150682337, 83.7429677626666, -190.98231973087087], "outlet_area": 900.3608917286966, "inlet0": [30.70999727016542, 120.03743464772295, -155.77795819538395], "inlet0_area": 150.98601352426368, "inlet1": [-39.514926858144264, 113.34445566673801, -211.3747692369435], "inlet1_area": 130.0964141469167, "inlet2": [36.277660810030426, 123.23689788427109, -182.88601958446014], "inlet2_area": 172.08508794613735, "inlet3": [-43.27402055119894, 114.57108270116599, -179.1161495346621], "inlet3_area": 189.4496862161546, "number_of_regions": 1, "region_0": [22.39822006225586, 96.9144515991211, -142.6832275390625], "mean_flow_rate": 173.50664449503753, "area_ratio": [0.23835579962238812, 0.3516955598150414, 0.21999563148045267, 0.18995300908211776], "inlet_ids": [2, 3, 4, 5], "outlet_id": [1]}