{"check_surface": true, "outlet": [26.18649396201633, 83.96131523081799, -195.1130202337606], "outlet_area": 558.8736951632777, "inlet0": [24.30188679245283, 124.39273632697339, -165.65433890864534], "inlet0_area": 73.37835698329677, "inlet1": [29.92949987712659, 120.68207014652721, -193.5040692781147], "inlet1_area": 83.37366967163292, "inlet2": [-36.83273771942639, 111.92427863449346, -176.19467213114754], "inlet2_area": 89.74650734947353, "inlet3": [-34.696208477020264, 110.58726342519124, -207.08084784613715], "inlet3_area": 99.56376511410475, "number_of_regions": 1, "region_0": [22.54210090637207, 104.35600280761719, -144.21499633789062], "mean_flow_rate": 93.43682076199715, "area_ratio": [0.1531042050645638, 0.22918512275165248, 0.3279646847767771, 0.28974598740700674], "inlet_ids": [2, 3, 4, 5], "outlet_id": [1]}