{"check_surface": true, "outlet": [29.931360691517323, 92.93772929423564, -191.87151109850083], "outlet_area": 768.1968101398772, "inlet0": [33.567941310042045, 141.4257592669988, -173.45039522849908], "inlet0_area": 215.72798348392703, "inlet1": [-47.077305910880106, 121.62982766670093, -165.59893905907347], "inlet1_area": 227.4925318566383, "inlet2": [-32.87605237093839, 141.90610018643466, -216.82499778053977], "inlet2_area": 161.7084840139157, "inlet3": [28.895562130471934, 128.48032860133958, -147.63275080141813], "inlet3_area": 159.75389000368787, "number_of_regions": 1, "region_0": [33.32366943359375, 80.31471252441406, -135.50413513183594], "mean_flow_rate": 206.4643801267056, "area_ratio": [0.2290645509639422, 0.25959322755289144, 0.20735208498765828, 0.303990136495508], "inlet_ids": [2, 3, 4, 5], "outlet_id": [1]}