{"check_surface": true, "outlet": [57.83646175818529, -150.92189519276877, -38.00352318129853], "outlet_area": 902.4021027970769, "inlet0": [47.647994697093964, -116.5249752998352, -0.025078718608710915], "inlet0_area": 146.7358415522427, "inlet1": [54.34989708794488, -95.54408281114367, -37.797402699788414], "inlet1_area": 68.48548312955545, "inlet2": [-20.780243363710913, -139.01195261738087, -22.03916082287779], "inlet2_area": 329.1878864023746, "inlet3": [-21.93450339635213, -125.71667400995891, -53.25547560056051], "inlet3_area": 78.77135950426891, "number_of_regions": 1, "region_0": [57.50113296508789, -143.441162109375, 14.949430465698242]}