{"check_surface": true, "outlet": [35.20600663370161, 80.8032097887637, -198.2574868273379], "outlet_area": 971.5032058173504, "inlet0": [-42.04072556801892, 113.21296691894531, -172.45062983801606], "inlet0_area": 459.1831342053566, "inlet1": [-34.61311733539288, 124.51175854022686, -208.65294987605168], "inlet1_area": 159.8049435594433, "inlet2": [28.9503779909504, 134.02518725039354, -172.9301892180941], "inlet2_area": 156.91792592248623, "inlet3": [15.069590874660163, 136.65291510687933, -150.35936143663196], "inlet3_area": 270.9690043593486, "number_of_regions": 1, "region_0": [40.278472900390625, 97.4023208618164, -142.8848114013672], "mean_flow_rate": 282.6562521725914, "area_ratio": [0.5332115967795091, 0.17337724714184452, 0.06210930183001637, 0.2313018542486299], "inlet_ids": [2, 3, 4, 5], "outlet_id": [1]}