{"check_surface": true, "outlet": [22.07149517174923, 81.34353539437959, -193.77759436405066], "outlet_area": 576.6871768290978, "inlet0": [-36.79602224686567, 113.88228248147404, -203.06310990277458], "inlet0_area": 148.42954312659933, "inlet1": [16.34538272782868, 130.8604616651348, -158.28912802303537], "inlet1_area": 82.72497479802549, "inlet2": [-39.87396289991296, 114.7816479447959, -176.65863457278928], "inlet2_area": 179.07304998121054, "inlet3": [27.807602923849355, 127.53372977436453, -181.0568816696388], "inlet3_area": 122.3107376890795, "number_of_regions": 1, "region_0": [32.81810760498047, 96.53712463378906, -153.3225555419922], "mean_flow_rate": 143.785342510627, "area_ratio": [0.29010424269570373, 0.2228567142550689, 0.14489735994289646, 0.34214168310633086], "inlet_ids": [2, 3, 4, 5], "outlet_id": [1]}