{"check_surface": true, "outlet": [37.41511383763066, 67.74696258262351, -191.71971201013636], "outlet_area": 327.3079289745644, "inlet0": [-69.5341592708104, 118.00108477095483, -175.65301771566902], "inlet0_area": 156.39569524354386, "inlet1": [30.384424624235734, 118.27866275068642, -148.6218657562698], "inlet1_area": 138.05653125622038, "inlet2": [-49.86992369026974, 133.36596732304014, -208.30199116673964], "inlet2_area": 93.58453893472166, "inlet3": [44.8505977337177, 126.9271465594952, -183.19973567082332], "inlet3_area": 117.2015839278337, "number_of_regions": 1, "region_0": [24.133546829223633, 96.9108657836914, -155.2584228515625], "mean_flow_rate": 136.4143543278263, "area_ratio": [0.2453957572348639, 0.3317954692014098, 0.1818634030010819, 0.2409453705626444], "inlet_ids": [2, 3, 4, 5], "outlet_id": [1]}