{"check_surface": true, "outlet": [5.223461304490845, 91.01854246406145, -196.95706833049815], "outlet_area": 432.1681979650734, "inlet0": [-24.97296069419547, 120.85589808633883, -203.62842173119114], "inlet0_area": 79.08235142978889, "inlet1": [-33.89723108685206, 117.16019354926215, -176.1276131281777], "inlet1_area": 46.580297655741965, "inlet2": [13.912699751801544, 121.87608136187544, -171.15511380709134], "inlet2_area": 144.20652077205926, "inlet3": [19.837499669392905, 121.64256622314453, -187.44555196126302], "inlet3_area": 96.98434921959304, "number_of_regions": 1, "region_0": [25.890972137451172, 98.13494873046875, -163.00502014160156], "mean_flow_rate": 96.26109704686162, "area_ratio": [0.18231345413895808, 0.13066469048533894, 0.24805629255273953, 0.4389655628229635], "inlet_ids": [2, 3, 4, 5], "outlet_id": [1]}